Code,Description,Relative Value,schedule
99201,"Office or other outpatient visit for the evaluation and management of a new patient, which requires these 3 key components: A problem focused history; A problem focused examination; Straightforward medical decision making. Counseling and/or coordination of care with other physicians, other qualified health care professionals, or agencies are provided consistent with the nature of the problem(s) and the patient's and/or family's needs. Usually, the presenting problem(s) are self limited or minor. Typically, 10 minutes are spent face-to-face with the patient and/or family.",5.83,medical
99202,"Office or other outpatient visit for the evaluation and management of a new patient, which requires these 3 key components: An expanded problem focused history; An expanded problem focused examination; Straightforward medical decision making. Counseling and/or coordination of care with other physicians, other qualified health care professionals, or agencies are provided consistent with the nature of the problem(s) and the patient's and/or family's needs. Usually, the presenting problem(s) are of low to moderate severity. Typically, 20 minutes are spent face-to-face with the patient and/or family.",7.27,medical
99203,"Office or other outpatient visit for the evaluation and management of a new patient, which requires these 3 key components: A detailed history; A detailed examination; Medical decision making of low complexity. Counseling and/or coordination of care with other physicians, other qualified health care professionals, or agencies are provided consistent with the nature of the problem(s) and the patient's and/or family's needs. Usually, the presenting problem(s) are of moderate severity. Typically, 30 minutes are spent face-to-face with the patient and/or family.",9.47,medical
99204,"Office or other outpatient visit for the evaluation and management of a new patient, which requires these 3 key components: A comprehensive history; A comprehensive examination; Medical decision making of moderate complexity. Counseling and/or coordination of care with other physicians, other qualified health care professionals, or agencies are provided consistent with the nature of the problem(s) and the patient's and/or family's needs. Usually, the presenting problem(s) are of moderate to high severity. Typically, 45 minutes are spent face-to-face with the patient and/or family.",13.53,medical
99205,"Office or other outpatient visit for the evaluation and management of a new patient, which requires these 3 key components: A comprehensive history; A comprehensive examination; Medical decision making of high complexity. Counseling and/or coordination of care with other physicians, other qualified health care professionals, or agencies are provided consistent with the nature of the problem(s) and the patient's and/or family's needs. Usually, the presenting problem(s) are of moderate to high severity. Typically, 60 minutes are spent face-to-face with the patient and/or family.",18.26,medical
99211,"Office or other outpatient visit for the evaluation and management of an established patient, that may not require the presence of a physician or other qualified health care professional. Usually, the presenting problem(s) are minimal. Typically, 5 minutes are spent performing or supervising these services.",3.21,medical
99212,"Office or other outpatient visit for the evaluation and management of an established patient, which requires at least 2 of these 3 key components: A problem focused history; A problem focused examination; Straightforward medical decision making. Counseling and/or coordination of care with other physicians, other qualified health care professionals, or agencies are provided consistent with the nature of the problem(s) and the patient's and/or family's needs. Usually, the presenting problem(s) are self limited or minor. Typically, 10 minutes are spent face-to-face with the patient and/or family.",4.57,medical
99213,"Office or other outpatient visit for the evaluation and management of an established patient, which requires at least 2 of these 3 key components: An expanded problem focused history; An expanded problem focused examination; Medical decision making of low complexity. Counseling and coordination of care with other physicians, other qualified health care professionals, or agencies are provided consistent with the nature of the problem(s) and the patient's and/or family's needs. Usually, the presenting problem(s) are of low to moderate severity. Typically, 15 minutes are spent face-to-face with the patient and/or family.",5.83,medical
99214,"Office or other outpatient visit for the evaluation and management of an established patient, which requires at least 2 of these 3 key components: A detailed history; A detailed examination; Medical decision making of moderate complexity. Counseling and/or coordination of care with other physicians, other qualified health care professionals, or agencies are provided consistent with the nature of the problem(s) and the patient's and/or family's needs. Usually, the presenting problem(s) are of moderate to high severity. Typically, 25 minutes are spent face-to-face with the patient and/or family.",8.46,medical
99215,"Office or other outpatient visit for the evaluation and management of an established patient, which requires at least 2 of these 3 key components: A comprehensive history; A comprehensive examination; Medical decision making of high complexity. Counseling and/or coordination of care with other physicians, other qualified health care professionals, or agencies are provided consistent with the nature of the problem(s) and the patient's and/or family's needs. Usually, the presenting problem(s) are of moderate to high severity. Typically, 40 minutes are spent face-to-face with the patient and/or family.",13.53,medical
99217,"Observation care discharge day management (This code is to be utilized to report all services provided to a patient on discharge from outpatient hospital ""observation status"" if the discharge is on other than the initial date of ""observation status."" To report services to a patient designated as ""observation status"" or ""inpatient status and discharged on the same date, use the codes for Observation or Inpatient Care Services [including Admission and Discharge Services, 99234-99236 as appropriate.])",10.15,medical
99218,"Initial observation care, per day, for the evaluation and management of a patient which requires these 3 key components: A detailed or comprehensive history; A detailed or comprehensive examination; and Medical decision making that is straightforward or of low complexity. Counseling and/or coordination of care with other physicians, other qualified health care professionals, or agencies are provided consistent with the nature of the problem(s) and the patient's and/or family's needs. Usually, the problem(s) requiring admission to outpatient hospital ""observation status"" are of low severity. Typically, 30 minutes are spent at the bedside and on the patient's hospital floor or unit.",12.68,medical
99219,"Initial observation care, per day, for the evaluation and management of a patient, which requires these 3 key components: A comprehensive history; A comprehensive examination; and Medical decision making of moderate complexity. Counseling and/or coordination of care with other physicians, other qualified health care professionals, or agencies are provided consistent with the nature of the problem(s) and the patient's and/or family's needs. Usually, the problem(s) requiring admission to outpatient hospital ""observation status are of moderate severity. Typically, 50 minutes are spent at the bedside and on the patient's hospital floor or unit.",17.25,medical
99220,"Initial observation care, per day, for the evaluation and management of a patient, which requires these 3 key components: A comprehensive history; A comprehensive examination; and Medical decision making of high complexity. Counseling and/or coordination of care with other physicians, other qualified health care professionals, or agencies are provided consistent with the nature of the problem(s) and the patient's and/or family's needs. Usually, the problem(s) requiring admission to outpatient hospital ""observation status"" are of high severity. Typically, 70 minutes are spent at the bedside and on the patient's hospital floor or unit.",21.64,medical
99221,"Initial hospital care, per day, for the evaluation and management of a patient, which requires these 3 key components: A detailed or comprehensive history; A detailed or comprehensive examination; and Medical decision making that is straightforward or of low complexity. Counseling and/or coordination of care with other physicians, other qualified health care professionals, or agencies are provided consistent with the nature of the problem(s) and the patient's and/or family's needs. Usually, the problem(s) requiring admission are of low severity. Typically, 30 minutes are spent at the bedside and on the patient's hospital floor or unit.",14.12,medical
99222,"Initial hospital care, per day, for the evaluation and management of a patient, which requires these 3 key components: A comprehensive history; A comprehensive examination; and Medical decision making of moderate complexity. Counseling and/or coordination of care with other physicians, other qualified health care professionals, or agencies are provided consistent with the nature of the problem(s) and the patient's and/or family's needs. Usually, the problem(s) requiring admission are of moderate severity. Typically, 50 minutes are spent at the bedside and on the patient's hospital floor or unit.",19.02,medical
99223,"Initial hospital care, per day, for the evaluation and management of a patient, which requires these 3 key components: A comprehensive history; A comprehensive examination; and Medical decision making of high complexity. Counseling and/or coordination of care with other physicians, other qualified health care professionals, or agencies are provided consistent with the nature of the problem(s) and the patient's and/or family's needs. Usually, the problem(s) requiring admission are of high severity. Typically, 70 minutes are spent at the bedside and on the patient's hospital floor or unit.",23.34,medical
99224,"Subsequent observation care, per day, for the evaluation and management of a patient, which requires at least 2 of these 3 key components: Problem focused interval history; Problem focused examination; Medical decision making that is straightforward or of low complexity. Counseling and/or coordination of care with other physicians, other qualified health care professionals, or agencies are provided consistent with the nature of the problem(s) and the patient's and/or family's needs. Usually, the patient is stable, recovering, or improving. Typically, 15 minutes are spent at the bedside and on the patient's hospital floor or unit.",4.06,medical
99225,"Subsequent observation care, per day, for the evaluation and management of a patient, which requires at least 2 of these 3 key components: An expanded problem focused interval history; An expanded problem focused examination; Medical decision making of moderate complexity. Counseling and/or coordination of care with other physicians, other qualified health care professionals, or agencies are provided consistent with the nature of the problem(s) and the patient's and/or family's needs. Usually, the patient is responding inadequately to therapy or has developed a minor complication. Typically, 25 minutes are spent at the bedside and on the patient's hospital floor or unit.",8.12,medical
99226,"Subsequent observation care, per day, for the evaluation and management of a patient, which requires at least 2 of these 3 key components: A detailed interval history, A detailed examination; Medical decision making of high complexity. Counseling and/or coordination of care with other physicians, other qualified health care professionals, or agencies are provided consistent with the nature of the problem(s) and the patient's and/or family's needs. Usually, the patient is unstable or has developed a significant complication or a significant new problem. Typically, 35 minutes are spent at the bedside and on the patient's hospital floor or unit.",11.33,medical
99231,"Subsequent hospital care, per day, for the evaluation and management of a patient, which requires at least 2 of these 3 key components: A problem focused interval history; A problem focused examination; Medical decision making that is straightforward or of low complexity. Counseling and/or coordination of care with other physicians, other qualified health care professionals, or agencies are provided consistent with the nature of the problem(s) and the patient's and/or family's needs. Usually, the patient is stable, recovering or improving. Typically, 15 minutes are spent at the bedside and on the patient's hospital floor or unit.",7.44,medical
99232,"Subsequent hospital care, per day, for the evaluation and management of a patient, which requires at least 2 of these 3 key components: An expanded problem focused interval history; An expanded problem focused examination; Medical decision making of moderate complexity. Counseling and/or coordination of care with other physicians, other qualified health care professionals, or agencies are provided consistent with the nature of the problem(s) and the patient's and/or family's needs. Usually, the patient is responding inadequately to therapy or has developed a minor complication. Typically, 25 minutes are spent at the bedside and on the patient's hospital floor or unit.",10.15,medical
99233,"Subsequent hospital care, per day, for the evaluation and management of a patient, which requires at least 2 of these 3 key components: A detailed interval history; A detailed examination; Medical decision making of high complexity. Counseling and/or coordination of care with other physicians, other qualified health care professionals, or agencies are provided consistent with the nature of the problem(s) and the patient's and/or family's needs. Usually, the patient is unstable or has developed a significant complication or a significant new problem. Typically, 35 minutes are spent at the bedside and on the patient's hospital floor or unit.",14.97,medical
99234,"Observation or inpatient hospital care, for the evaluation and management of a patient including admission and discharge on the same date, which requires these 3 key components: A detailed or comprehensive history; A detailed or comprehensive examination; and Medical decision making that is straightforward or of low complexity. Counseling and/or coordination of care with other physicians, other qualified health care professionals, or agencies are provided consistent with the nature of the problem(s) and the patient's and/or family's needs. Usually the presenting problem(s) requiring admission are of low severity. Typically, 40 minutes are spent at the bedside and on the patient's hospital floor or unit.",13.95,medical
99235,"Observation or inpatient hospital care, for the evaluation and management of a patient including admission and discharge on the same date, which requires these 3 key components: A comprehensive history; A comprehensive examination; and Medical decision making of moderate complexity. Counseling and/or coordination of care with other physicians, other qualified health care professionals, or agencies are provided consistent with the nature of the problem(s) and the patient's and/or family's needs. Usually the presenting problem(s) requiring admission are of moderate severity. Typically, 50 minutes are spent at the bedside and on the patient's hospital floor or unit.",18.94,medical
99236,"Observation or inpatient hospital care, for the evaluation and management of a patient including admission and discharge on the same date, which requires these 3 key components: A comprehensive history; A comprehensive examination; and Medical decision making of high complexity. Counseling and/or coordination of care with other physicians, other qualified health care professionals, or agencies are provided consistent with the nature of the problem(s) and the patient's and/or family's needs. Usually the presenting problem(s) requiring admission are of high severity. Typically, 55 minutes are spent at the bedside and on the patient's hospital floor or unit.",23.84,medical
99238,Hospital discharge day management; 30 minutes or less,8.79,medical
99239,Hospital discharge day management; more than 30 minutes,10.99,medical
99241,"Office consultation for a new or established patient, which requires these 3 key components: A problem focused history; A problem focused examination; and Straightforward medical decision making. Counseling and/or coordination of care with other physicians, other qualified health care professionals, or agencies are provided consistent with the nature of the problem(s) and the patient's and/or family's needs. Usually, the presenting problem(s) are self limited or minor. Typically, 15 minutes are spent face-to-face with the patient and/or family.",10.15,medical
99242,"Office consultation for a new or established patient, which requires these 3 key components: An expanded problem focused history, An expanded problem focused examination; and Straightforward medical decision making. Counseling and/or coordination of care with other physicians, other qualified health care professionals, or agencies are provided consistent with the nature of the problem(s) and the patient's and/or family's needs. Usually, the presenting problem(s) are of low severity. Typically, 30 minutes are spent face-to-face with the patient and/or family.",12.94,medical
99243,"Office consultation for a new or established patient, which requires these 3 key components: A detailed history; A detailed examination; and Medical decision making of low complexity. Counseling and/or coordination of care with other physicians, other qualified health care professionals, or agencies are provided consistent with the nature of the problem(s) and the patient's and/or family's needs. Usually, the presenting problem(s) are of moderate severity. Typically, 40 minutes are spent face-to-face with the patient and/or family.",16.49,medical
99244,"Office consultation for a new or established patient, which requires these 3 key components: A comprehensive history; A comprehensive examination; and Medical decision making of moderate complexity. Counseling and/or coordination of care with other physicians, other qualified health care professionals, or agencies are provided consistent with the nature of the problem(s) and the patient's and/or family's needs. Usually, the presenting problem(s) are of moderate to high severity. Typically, 60 minutes are spent face-to-face with the patient and/or family.",21.56,medical
99245,"Office consultation for a new or established patient, which requires these 3 key components: A comprehensive history; A comprehensive examination; and Medical decision making of high complexity. Counseling and/or coordination of care with other physicians, other qualified health care professionals, or agencies are provided consistent with the nature of the problem(s) and the patient's and/or family's needs. Usually, the presenting problem(s) are of moderate to high severity. Typically, 80 minutes are spent face-to-face with the patient and/or family.",27.23,medical
99251,"Inpatient consultation for a new or established patient, which requires these 3 key components: A problem focused history; A problem focused examination; and Straightforward medical decision making. Counseling and/or coordination of care with other physicians, other qualified health care professionals, or agencies are provided consistent with the nature of the problem(s) and the patient's and/or family's needs. Usually, the presenting problem(s) are self limited or minor. Typically, 20 minutes are spent at the bedside and on the patient's hospital floor or unit.",12.01,medical
99252,"Inpatient consultation for a new or established patient, which requires these 3 key components: An expanded problem focused history; An expanded problem focused examination; and Straightforward medical decision making. Counseling and/or coordination of care with other physicians, other qualified health care professionals, or agencies are provided consistent with the nature of the problem(s) and the patient's and/or family's needs. Usually, the presenting problem(s) are of low severity. Typically, 40 minutes are spent at the bedside and on the patient's hospital floor or unit",15.39,medical
99253,"Inpatient consultation for a new or established patient, which requires these 3 key components: A detailed history; A detailed examination; and Medical decision making of low complexity. Counseling and/or coordination of care with other physicians, other qualified health care professionals, or agencies are provided consistent with the nature of the problem(s) and the patient's and/or family's needs. Usually, the presenting problem(s) are of moderate severity. Typically, 55 minutes are spent at the bedside and on the patient's hospital floor or unit.",18.94,medical
99254,"Inpatient consultation for a new or established patient, which requires these 3 key components: A comprehensive history; A comprehensive examination; and Medical decision making of moderate complexity. Counseling and/or coordination of care with other physicians, other qualified health care professionals, or agencies are provided consistent with the nature of the problem(s) and the patient's and/or family's needs. Usually, the presenting problem(s) are of moderate to high severity. Typically, 80 minutes are spent at the bedside and on the patient's hospital floor or unit.",23.67,medical
99255,"Inpatient consultation for a new or established patient, which requires these 3 key components: A comprehensive history; A comprehensive examination; and Medical decision making of high complexity. Counseling and/or coordination of care with other physicians, other qualified health care professionals, or agencies are provided consistent with the nature of the problem(s) and the patient's and/or family's needs. Usually, the presenting problem(s) are of moderate to high severity. Typically, 110 minutes are spent at the bedside and on the patient's hospital floor or unit.",29.76,medical
99281,"Emergency department visit for the evaluation and management of a patient, which requires these 3 key components: A problem focused history; A problem focused examination; and Straightforward medical decision making. Counseling and/or coordination of care with other physicians, other qualified health care professionals, or agencies are provided consistent with the nature of the problem(s) and the patient's and/or family's needs. Usually, the presenting problem(s) are self limited or minor.",6.59,medical
99282,"Emergency department visit for the evaluation and management of a patient, which requires these 3 key components: An expanded problem focused history; An expanded problem focused examination; and Medical decision making of low complexity. Counseling and/or coordination of care with other physicians, other qualified health care professionals, or agencies are provided consistent with the nature of the problem(s) and the patient's and/or family's needs. Usually, the presenting problem(s) are of low to moderate severity.",8.88,medical
99283,"Emergency department visit for the evaluation and management of a patient, which requires these 3 key components: An expanded problem focused history, An expanded problem focused examination; and Medical decision making of moderate complexity. Counseling and/or coordination of care with other physicians, other qualified health care professionals, or agencies are provided consistent with the nature of the problem(s) and the patient's and/or family's needs. Usually, the presenting problem(s) are of moderate severity.",13.36,medical
99284,"Emergency department visit for the evaluation and management of a patient, which requires these 3 key components: A detailed history, A detailed examination; and Medical decision making of moderate complexity. Counseling and/or coordination of care with other physicians, other qualified health care professionals, or agencies are provided consistent with the nature of the problem(s) and the patient's and/or family's needs. Usually, the presenting problem(s) are of high severity, and require urgent evaluation by the physician, or other qualified health care professionals but do not pose an immediate significant threat to life or physiologic function.",19.95,medical
99285,"Emergency department visit for the evaluation and management of a patient, which requires these 3 key components within the constraints imposed by the urgency of the patient's clinical condition and/or mental status: A comprehensive history; A comprehensive examination; and Medical decision making of high complexity. Counseling and/or coordination of care with other physicians, other qualified health care professionals, or agencies are provided consistent with the nature of the problem(s) and the patient's and/or family's needs. Usually, the presenting problem(s) are of high severity and pose an immediate significant threat to life or physiologic function.",29.76,medical
99288,"Physician or other qualified health care professional direction of emergency medical systems (EMS) emergency care, advanced life support",14.00,medical
99291,"Critical care, evaluation and management of the critically ill or critically injured patient; first 30-74 minutes",33.82,medical
99292,"Critical care, evaluation and management of the critically ill or critically injured patient; each additional 30 minutes (List separately in addition to code for primary service)",16.91,medical
99304,"Initial nursing facility care, per day, for the evaluation and management of a patient, which requires these 3 key components: A detailed or comprehensive history; A detailed or comprehensive examination; and Medical decision making that is straightforward or of low complexity. Counseling and/or coordination of care with other physicians, other qualified health care professionals, or agencies are provided consistent with the nature of the problem(s) and the patient's and/or family's needs. Usually, the problem(s) requiring admission are of low severity. Typically, 25 minutes are spent at the bedside and on the patient's facility floor or unit.",8.46,medical
99305,"Initial nursing facility care, per day, for the evaluation and management of a patient, which requires these 3 key components: A comprehensive history; A comprehensive examination; and Medical decision making of moderate complexity. Counseling and/or coordination of care with other physicians, other qualified health care professionals, or agencies are provided consistent with the nature of the problem(s) and the patient's and/or family's needs. Usually, the problem(s) requiring admission are of moderate severity. Typically, 35 minutes are spent at the bedside and on the patient's facility floor or unit.",11.84,medical
99306,"Initial nursing facility care, per day, for the evaluation and management of a patient, which requires these 3 key components: A comprehensive history; A comprehensive examination; and Medical decision making of high complexity. Counseling and/or coordination of care with other physicians, other qualified health care professionals, or agencies are provided consistent with the nature of the problem(s) and the patient's and/or family's needs. Usually, the problem(s) requiring admission are of high severity. Typically, 45 minutes are spent at the bedside and on the patient's facility floor or unit.",14.37,medical
99307,"Subsequent nursing facility care, per day, for the evaluation and management of a patient, which requires at least 2 of these 3 key components: A problem focused interval history; A problem focused examination; Straightforward medical decision making. Counseling and/or coordination of care with other physicians, other qualified health care professionals, or agencies are provided consistent with the nature of the problem(s) and the patient's and/or family's needs. Usually, the patient is stable, recovering, or improving. Typically, 10 minutes are spent at the bedside and on the patient's facility floor or unit.",4.73,medical
99308,"Subsequent nursing facility care, per day, for the evaluation and management of a patient, which requires at least 2 of these 3 key components: An expanded problem focused interval history; An expanded problem focused examination; Medical decision making of low complexity. Counseling and/or coordination of care with other physicians, other qualified health care professionals, or agencies are provided consistent with the nature of the problem(s) and the patient's and/or family's needs. Usually, the patient is responding inadequately to therapy or has developed a minor complication. Typically, 15 minutes are spent at the bedside and on the patient's facility floor or unit.",6.43,medical
99309,"Subsequent nursing facility care, per day, for the evaluation and management of a patient, which requires at least 2 of these 3 key components: A detailed interval history; A detailed examination; Medical decision making of moderate complexity. Counseling and/or coordination of care with other physicians, other qualified health care professionals, or agencies are provided consistent with the nature of the problem(s) and the patient's and/or family's needs. Usually, the patient has developed a significant complication or a significant new problem. Typically, 25 minutes are spent at the bedside and on the patient's facility floor or unit.",9.30,medical
99310,"Subsequent nursing facility care, per day, for the evaluation and management of a patient, which requires at least 2 of these 3 key components: A comprehensive interval history, A comprehensive examination; Medical decision making of high complexity. Counseling and/or coordination of care with other physicians, other qualified health care professionals, or agencies are provided consistent with the nature of the problem(s) and the patient's and/or family's needs. The patient may be unstable or may have developed a significant new problem requiring immediate physician attention. Typically, 35 minutes are spent at the bedside and on the patient's facility floor or unit.",12.68,medical
99315,Nursing facility discharge day management; 30 minutes or less,8.79,medical
99316,"Nursing facility discharge day management, more than 30 minutes",10.99,medical
99318,"Evaluation and management of a patient involving an annual nursing facility assessment, which requires these 3 key components: A detailed interval history; A comprehensive examination; and Medical decision making that is of low to moderate complexity. Counseling and/or coordination of care with other physicians, other qualified health care professionals, or agencies are provided consistent with the nature of the problem(s) and the patient's and/or family's needs. Usually, the patient is stable, recovering, or improving. Typically, 30 minutes are spent at the bedside and on the patient's facility floor or unit..",9.30,medical
99324,"Domiciliary or rest home visit for the evaluation and management of a new patient, which requires these 3 key components: A problem focused history; A problem focused examination; and Straightforward medical decision making. Counseling and/or coordination of care with other physicians, other qualified health care professionals, or agencies are provided consistent with the nature of the problem(s) and the patient's and/or family's needs. Usually, the presenting problem(s) are of low severity. Typically, 20 minutes are spent with the patient and/or family or caregiver.",8.29,medical
99325,"Domiciliary or rest home visit for the evaluation and management of a new patient, which requires these 3 key components: An expanded problem focused history; An expanded problem focused examination; and Medical decision making of low complexity. Counseling and/or coordination of care with other physicians, other qualified health care professionals, or agencies are provided consistent with the nature of the problem(s) and the patient's and/or family's needs. Usually, the presenting problem(s) are of moderate severity. Typically, 30 minutes are spent with the patient and/or family or caregiver.",10.99,medical
99326,"Domiciliary or rest home visit for the evaluation and management of a new patient, which requires these 3 key components: A detailed history; A detailed examination; and Medical decision making of moderate complexity. Counseling and/or coordination of care with other physicians, other qualified health care professionals, or agencies are provided consistent with the nature of the problem(s) and the patient's and/or family's needs. Usually, the presenting problem(s) are of moderate to high severity. Typically, 45 minutes are spent with the patient and/or family or caregiver.",13.87,medical
99327,"Domiciliary or rest home visit for the evaluation and management of a new patient, which requires these 3 key components: A comprehensive history; A comprehensive examination; and Medical decision making of moderate complexity. Counseling and/or coordination of care with other physicians, other qualified health care professionals, or agencies are provided consistent with the nature of the problem(s) and the patient's and/or family's needs. Usually, the presenting problem(s) are of high severity. Typically, 60 minutes are spent with the patient and/or family or caregiver.",19.45,medical
99328,"Domiciliary or rest home visit for the evaluation and management of a new patient, which requires these 3 key components: A comprehensive history; A comprehensive examination; and Medical decision making of high complexity. Counseling and/or coordination of care with other physicians, other qualified health care professionals, or agencies are provided consistent with the nature of the problem(s) and the patient's and/or family's needs. Usually, the patient is unstable or has developed a significant new problem requiring immediate physician attention. Typically, 75 minutes are spent with the patient and/or family or caregiver.",25.37,medical
99334,"Domiciliary or rest home visit for the evaluation and management of an established patient, which requires at least 2 of these 3 key components: A problem focused interval history; A problem focused examination; Straightforward medical decision making. Counseling and/or coordination of care with other physicians, other qualified health care professionals, or agencies are provided consistent with the nature of the problem(s) and the patient's and/or family's needs. Usually, the presenting problem(s) are self-limited or minor. Typically, 15 minutes are spent with the patient and/or family or caregiver.",5.92,medical
99335,"Domiciliary or rest home visit for the evaluation and management of an established patient, which requires at least 2 of these 3 key components: An expanded problem focused interval history An expanded problem focused examination; Medical decision making of low complexity. Counseling and/or coordination of care with other physicians, other qualified health care professionals, or agencies are provided consistent with the nature of the problem(s) and the patient's and/or family's needs. Usually, the presenting problem problem(s) are of low to moderate severity. Typically, 25 minutes are spent with the patient and/or family or caregiver.",8.46,medical
99336,"Domiciliary or rest home visit for the evaluation and management of an established patient, which requires at least 2 of these 3 key components: A detailed interval history; A detailed examination; Medical decision making of moderate complexity. Counseling and/or coordination of care with other physicians, other qualified health care professionals, or agencies are provided consistent with the nature of the problem(s) and the patient's and/or family's needs. Usually, the presenting problem(s) are of moderate to high severity. Typically, 40 minutes are spent with the patient and/or family or caregiver.",12.68,medical
99337,"Domiciliary or rest home visit for the evaluation and management of an established patient, which requires at least 2 of these 3 key components: A comprehensive interval history; A comprehensive examination; Medical decision making of moderate to high complexity. Counseling and/or coordination of care with other physicians, other qualified health care professionals, or agencies are provided consistent with the nature of the problem(s) and the patient's and/or family's needs. Usually, the presenting problem(s) are of moderate to high severity. The patient may be unstable or may have developed a significant new problem requiring immediate physician attention. Typically, 60 minutes are spent with the patient and/or family or caregiver.",17.76,medical
99339,"Individual physician supervision of a patient (patient not present) in home, domiciliary or rest home (eg, assisted living facility) requiring complex and multidisciplinary care modalities. involving regular physician development and/or revision of care plans, review of subsequent reports of patient status, review of related laboratory and other studies, communication (including telephone calls) for purposes of assessment or care decisions with health care professional(s), family member(s), surrogate decision maker(s) (eg, legal guardian) and/or key caregiver(s) involved in patient's care, integration of new information into the medical treatment plan and/or adjustment of medical therapy, within a calendar month; 15-29 minutes",6.76,medical
99340,"Individual physician supervision of a patient (patient not present) in home, domiciliary or rest home (eg, assisted living facility) requiring complex and multidisciplinary care modalities involving regular physician development and/or revision of care plans, review of subsequent reports of patient status, review of related laboratory and other studies, communication (including telephone calls) for purposes of assessment or care decisions with health care professional(s), family member(s), surrogate decision maker(s) (eg, legal guardian) and/or key caregiver(s) involved in patient's care, integration of new information into the medical treatment plan and/or adjustment of medical therapy, within a calendar month; 30 minutes or more",22.18,medical
99341,"Home visit for the evaluation and management of a new patient, which requires these 3 key components: A problem focused history; A problem focused examination; and Straightforward medical decision making. Counseling and/or coordination of care with other physicians, other qualified health care professionals, or agencies are provided consistent with the nature of the problem(s) and the patient's and/or family's needs. Usually, the presenting problem(s) are of low severity. Typically, 20 minutes are spent face-to-face with the patient and/or family.",7.69,medical
99342,"Home visit for the evaluation and management of a new patient, which requires these 3 key components: An expanded problem focused history, An expanded problem focused examination; and Medical decision making of low complexity. Counseling and/or coordination of care with other physicians, other qualified health care professionals, or agencies are provided consistent with the nature of the problem(s) and the patient's and/or family's needs. Usually, the presenting problem(s) are of moderate severity. Typically, 30 minutes are spent face-to-face with the patient and/or family.",9.64,medical
99343,"Home visit for the evaluation and management of a new patient, which requires these 3 key components: A detailed history; A detailed examination; and Medical decision making of moderate complexity. Counseling and/or coordination of care with other physicians, other qualified health care professionals, or agencies are provided consistent with the nature of the problem(s) and the patient's and/or family's needs. Usually, the presenting problem(s) are of moderate to high severity. Typically, 45 minutes are spent face-to-face with the patient and/or family.",12.51,medical
99344,"Home visit for the evaluation and management of a new patient, which requires these 3 key components: A comprehensive history; A comprehensive examination; and Medical decision making of moderate complexity. Counseling and/or coordination of care with other physicians, other qualified health care professionals, or agencies are provided consistent with the nature of the problem(s) and the patient's and/or family's needs. Usually, the presenting problem(s) are of high severity. Typically, 60 minutes are spent face-to-face with the patient and/or family.",17.76,medical
99345,"Home visit for the evaluation and management of a new patient, which requires these 3 key components: A comprehensive history; A comprehensive examination; and Medical decision making of high complexity. Counseling and/or coordination of care with other physicians, other qualified health care professionals, or agencies are provided consistent with the nature of the problem(s) and the patient's and/or family's needs. Usually, the patient is unstable or has developed a significant new problem requiring immediate physician attention. Typically, 75 minutes are spent face-to-face with the patient and/or family.",24.01,medical
99347,"Home visit for the evaluation and management of an established patient, which requires at least 2 of these 3 key components: A problem focused interval history; A problem focused examination; Straightforward medical decision making. Counseling and/or coordination of care with other physicians, other qualified health care professionals, or agencies are provided consistent with the nature of the problem(s) and the patient's and/or family's needs. Usually, the presenting problem(s) are self limited or minor. Typically, 15 minutes are spent face-to-face with the patient and/or family.",6.00,medical
99348,"Home visit for the evaluation and management of an established patient, which requires at least 2 of these 3 key components: An expanded problem focused interval history; An expanded problem focused examination; Medical decision making of low complexity. Counseling and/or coordination of care with other physicians, other qualified health care professionals, or agencies are provided consistent with the nature of the problem(s) and the patient's and/or family's needs. Usually, the presenting problem(s) are of low to moderate severity. Typically, 25 minutes are spent face-to-face with the patient and/or family.",7.69,medical
99349,"Home visit for the evaluation and management of an established patient, which requires at least 2 of these 3 key components: A detailed interval history; A detailed examination; Medical decision making of moderate complexity. Counseling and/or coordination of care with other physicians, other qualified health care professionals, or agencies are provided consistent with the nature of the problem(s) and the patient's and/or family's needs. Usually, the presenting problem(s) are moderate to high severity. Typically, 40 minutes are spent face-to-face with the patient and/or family.",11.16,medical
99350,"Home visit for the evaluation and management of an established patient, which requires at least 2 of these 3 key components: A comprehensive interval history; A comprehensive examination; Medical decision making of moderate to high complexity. Counseling and/or coordination of care with other physicians, other qualified health care professionals, or agencies are provided consistent with the nature of the problem(s) and the patient's and/or family's needs. Usually, the presenting problem(s) are of moderate to high severity. The patient may be unstable or may have developed a significant new problem requiring immediate physician attention. Typically, 60 minutes are spent face-to-face with the patient and/or family.",17.84,medical
99354,Prolonged evaluation and management or psychotherapy service(s) (beyond the typical service time of the primary procedure) in the office or other outpatient setting requiring direct patient contact beyond the usual service; first hour (List separately in addition to code for office or other outpatient Evaluation and Management or psychotherapy service),19.45,medical
99355,Prolonged evaluation and management or psychotherapy service(s) (beyond the typical service time of the primary procedure) in the office or other outpatient setting requiring direct patient contact beyond the usual service; each additional 30 minutes (List separately in addition to code for prolonged service),9.72,medical
99356,"Prolonged service in the inpatient or observation setting, requiring unit/floor time beyond the usual service; first hour (List separately in addition to code for inpatient Evaluation and Management service)",25.37,medical
99357,"Prolonged service in the inpatient or observation setting, requiring unit/floor time beyond the usual service; each additional 30 minutes (List separately in addition to code for prolonged service)",12.68,medical
99358,Prolonged evaluation and management service before and/or after direct patient care; first hour,18.60,medical
99359,Prolonged evaluation and management service before and/or after direct patient care; each additional 30 minutes (List separately in addition to code for prolonged service),9.30,medical
99360,"Standby service, requiring prolonged attendance, each 30 minutes (eg, operative standby, standby for frozen section, for cesarean/high risk delivery, for monitoring EEG)",12.68,medical
99366,"Medical team conference with interdisciplinary team of health care professionals, face-to-face with patient and/or family, 30 minutes or more, participation by nonphysician qualified health care professional",4.57,medical
99367,"Medical team conference with interdisciplinary team of health care professionals, patient and/or family not present, 30 minutes or more; participation by physician",6.09,medical
99368,"Medical team conference with interdisciplinary team of health care professionals, patient and/or family not present, 30 minutes or more; participation by nonphysician qualified health care professional",3.89,medical
99374,"Supervision of a patient under care of home health agency (patient not present) in home, domiciliary or equivalent environment (eg, Alzheimer's facility) requiring complex and multidisciplinary care modalities involving regular development and/or revision of care plans by that individual, review of subsequent reports of patient status, review of related laboratory and other studies, communication (including telephone calls) for purposes of assessment or care decisions with health care professional(s), family member(s), surrogate decision maker(s) (eg, legal guardian) and/or key caregiver(s) involved in patient's care, integration of new information into the medical treatment plan and/or adjustment of medical therapy, within a calendar month: 15-29 minutes",NC,medical
99375,"Supervision of a patient under care of home health agency (patient not present) in home, domiciliary or equivalent environment (eg, Alzheimer's facility) requiring complex and multidisciplinary care modalities involving regular development and/or revision of care plans by that individual, review of subsequent reports of patient status, review of related laboratory and other studies, communication (including telephone calls) for purposes of assessment or care decisions with health care professional(s), family member(s), surrogate decision maker(s) (eg, legal guardian) and/or key caregiver(s) involved in patient's care, integration of new information into the medical treatment plan and/or adjustment of medical therapy, within a calendar month; 30 minutes or more",NC,medical
99377,"Supervision of a hospice patient (patient not present) requiring complex and multidisciplinary care modalities involving regular development and/or revision of care plans by that individual, review of subsequent reports of patient status, review of related laboratory and other studies, communication (including telephone calls) for purposes of assessment or care decisions with health care professional(s), family member(s), surrogate decision maker(s) (eg, legal guardian) and/or key caregiver(s) involved in patient's care, integration of new information into the medical treatment plan and/or adjustment of medical therapy, within a calendar month; 15-29 minutes",NC,medical
99378,"Supervision of a hospice patient (patient not present) requiring complex and multidisciplinary care modalities involving regular development and/or revision of care plans by that individual, review of subsequent reports of patient status, review of related laboratory and other studies, communication (including telephone calls) for purposes of assessment or care decisions with health care professional(s), family member(s), surrogate decision maker(s) (eg, legal guardian) and/or key caregiver(s) involved in patient's care, integration of new information into the medical treatment plan and/or adjustment of medical therapy, within a calendar month; 30 minutes or more",NC,medical
99379,"Supervision of a nursing facility patient (patient not present) requiring complex and multidisciplinary care modalities involving regular development and/or revision of care plans by that individual, review of subsequent reports of patient status, review of related laboratory and other studies, communication (including telephone calls) for purposes of assessment or care decisions with health care professional(s), family member(s), surrogate decision maker(s) (eg, legal guardian) and/or key caregiver(s) involved in patient's care, integration of new information into the medical treatment plan and/or adjustment of medical therapy, within a calendar month; 15-29 minutes",NC,medical
99380,"Supervision of a nursing facility patient (patient not present) requiring complex and multidisciplinary care modalities involving regular development and/or revision of care plans by that individual, review of subsequent reports of patient status, review of related laboratory and other studies, communication (including telephone calls) for purposes of assessment or care decisions with health care professional(s), family member(s), surrogate decision maker(s) (eg, legal guardian) and/or key caregiver(s) involved in patient's care, integration of new information into the medical treatment plan and/or adjustment of medical therapy, within a calendar month; 30 minutes or more",NC,medical
99381,"Initial comprehensive preventive medicine evaluation and management of an individual including an age and gender appropriate history, examination, counseling/anticipatory guidance/risk factor reduction interventions, and the ordering of laboratory/diagnostic procedures, new patient; infant (age younger than 1 year)",NC,medical
99382,"Initial comprehensive preventive medicine evaluation and management of an individual including an age and gender appropriate history, examination, counseling/anticipatory guidance/risk factor reduction interventions, and the ordering of laboratory/diagnostic procedures, new patient; early childhood (age 1 through 4 years)",NC,medical
99383,"Initial comprehensive preventive medicine evaluation and management of an individual including an age and gender appropriate history, examination, counseling/anticipatory guidance/risk factor reduction interventions, and the ordering of laboratory/diagnostic procedures, new patient; late childhood (age 5 through 11 years)",NC,medical
99384,"Initial comprehensive preventive medicine evaluation and management of an individual including an age and gender appropriate history, examination, counseling/anticipatory guidance/risk factor reduction interventions, and the ordering of laboratory/diagnostic procedures, new patient, adolescent (age 12 through 17 years)",NC,medical
99385,"Initial comprehensive preventive medicine evaluation and management of an individual including an age and gender appropriate history, examination, counseling/anticipatory guidance/risk factor reduction interventions, and the ordering of laboratory/diagnostic procedures, new patient 18-39 years",NC,medical
99386,"Initial comprehensive preventive medicine evaluation and management of an individual including an age and gender appropriate history, examination, counseling/anticipatory guidance/risk factor reduction interventions, and the ordering of laboratory/diagnostic procedures, new patient, 40-64 years",NC,medical
99387,"Initial comprehensive preventive medicine evaluation and management of an individual including an age and gender appropriate history, examination, counseling/anticipatory guidance/risk factor reduction interventions, and the ordering of laboratory/diagnostic procedures, new patient, 65 years and older",NC,medical
99391,"Periodic comprehensive preventive medicine reevaluation and management of an individual including an age and gender appropriate history, examination, counseling/anticipatory guidance/risk factor reduction interventions, and the ordering of laboratory/diagnostic procedures, established patient, infant (age younger than 1 year)",NC,medical
99392,"Periodic comprehensive preventive medicine reevaluation and management of an individual including an age and gender appropriate history, examination, counseling/anticipatory guidance/risk factor reduction interventions, and the ordering of laboratory/diagnostic procedures, established patient, early childhood (age 1 through 4 years)",NC,medical
99393,"Periodic comprehensive preventive medicine reevaluation and management of an individual including an age and gender appropriate history, examination, counseling/anticipatory guidance/risk factor reduction interventions, and the ordering of laboratory/diagnostic procedures, established patient, late childhood (age 5 through 11 years)",NC,medical
99394,"Periodic comprehensive preventive medicine reevaluation and management of an individual including an age and gender appropriate history, examination, counseling/anticipatory guidance/risk factor reduction interventions, and the ordering of laboratory/diagnostic procedures, established patient, adolescent (age 12 through 17 years)",NC,medical
99395,"Periodic comprehensive preventive medicine reevaluation and management of an individual including an age and gender appropriate history, examination, counseling/anticipatory guidance/risk factor reduction interventions, and the ordering of laboratory/diagnostic procedures, established patient, 18-39 years",NC,medical
99396,"Periodic comprehensive preventive medicine reevaluation and management of an individual including an age and gender appropriate history, examination, counseling/anticipatory guidance/risk factor reduction interventions, and the ordering of laboratory/diagnostic procedures, established patient, 40-64 years",NC,medical
99397,"Periodic comprehensive preventive medicine reevaluation and management of an individual including an age and gender appropriate history, examination, counseling/anticipatory guidance/risk factor reduction interventions, and the ordering of laboratory/diagnostic procedures, established patient, 65 years and older",NC,medical
99401,Preventive medicine counseling and/or risk factor reduction intervention(s) provided to an individual (separate procedure); approximately 15 minutes,NC,medical
99402,Preventive medicine counseling and/or risk factor reduction intervention(s) provided to an individual (separate procedure); approximately 30 minutes,NC,medical
99403,Preventive medicine counseling and/or risk factor reduction intervention(s) provided to an individual (separate procedure); approximately 45 minutes,NC,medical
99404,Preventive medicine counseling and/or risk factor reduction intervention(s) provided to an individual (separate procedure); approximately 60 minutes,NC,medical
99406,"Smoking and tobacco use cessation counseling visit, intermediate, greater than 3 minutes up to 10 minutes",1.69,medical
99407,"Smoking and tobacco use cessation counseling visit; intensive, greater than 10 minutes",3.38,medical
99408,"Alcohol and/or substance (other than tobacco) abuse structured screening (eg, AUDIT, DAST), and brief intervention (SBI) services; 15 to 30 minutes",4.06,medical
99409,"Alcohol and/or substance (other than tobacco) abuse structured screening (eg, AUDIT, DAST), and brief intervention (SBI) services; greater than 30 minutes",7.95,medical
99411,Preventive medicine counseling and/or risk factor reduction intervention(s) provided to individuals in a group setting (separate procedure); approximately 30 minutes,NC,medical
99412,Preventive medicine counseling and/or risk factor reduction intervention(s) provided to individuals in a group setting (separate procedure); approximately 60 minutes,NC,medical
99415,"Prolonged clinical staff service (the service beyond the typical service time) during an evaluation and management service in the office or outpatient setting, direct patient contact with physician supervision; first hour (List separately in addition to code for outpatient Evaluation and Management service)",1.92,medical
99416,"Prolonged clinical staff service (the service beyond the typical service time) during an evaluation and management service in the office or outpatient setting, direct patient contact with physician supervision; each additional 30 minutes (List separately in addition to code for prolonged service)",0.89,medical
99429,Unlisted preventive medicine service,NC,medical
99441,"Telephone evaluation and management service by a physician or other qualified health care professional who may report evaluation and management services provided to an established patient, parent, or guardian not originating from a related E/M service provided within the previous 7 days nor leading to an E/M service or procedure within the next 24 hours or soonest available appointment; 5-10 minutes of medical discussion",5.07,medical
99442,"Telephone evaluation and management service by a physician or other qualified health care professional who may report evaluation and management services provided to an established patient, parent, or guardian not originating from a related E/M service provided within the previous 7 days nor leading to an E/M service or procedure within the next 24 hours or soonest available appointment; 11-20 minutes of medical discussion",8.46,medical
99443,"Telephone evaluation and management service by a physician or other qualified health care professional who may report evaluation and management services provided to an established patient, parent, or guardian not originating from a related E/M service provided within the previous 7 days nor leading to an E/M service or procedure within the next 24 hours or soonest available appointment, 21-30 minutes of medical discussion",10.99,medical
99444,"Online evaluation and management service provided by a physician or other qualified health care professional who may report evaluation and management services provided to an established patient or guardian, not originating from a related E/M service provided within the previous 7 days, using the Internet or similar electronic communications network",4.57,medical
99446,Interprofessional telephone/Internet assessment and management service provided by a consultative physician including a verbal and written report to the patient's treating/requesting physician or other qualified health care professional; 5-10 minutes of medical consultative discussion and review,3.65,medical
99447,Interprofessional telephone/Internet assessment and management service provided by a consultative physician including a verbal and written report to the patient's treating/requesting physician or other qualified health care professional; 11-20 minutes of medical consultative discussion and review,7.23,medical
99448,Interprofessional telephone/Internet assessment and management service provided by a consultative physician including a verbal and written report to the patient's treating/requesting physician or other qualified health care professional; 21-30 minutes of medical consultative discussion and review,10.88,medical
99449,Interprofessional telephone/Internet assessment and management service provided by a consultative physician including a verbal and written report to the patient's treating/requesting physician or other qualified health care professional; 31 minutes or more of medical consultative discussion and review,14.53,medical
99450,"Basic life and/or disability examination that includes: Measurement of height, weight, and blood pressure; Completion of a medical history following a life insurance pro forma; Collection of blood sample and/or urinalysis complying with ""chain of custody protocols; and Completion of necessary documentation/certificates.",NC,medical
99455,"Work related or medical disability examination by the treating physician that includes: Completion of a medical history commensurate with the patient's condition; Performance of an examination commensurate with the patient's condition; Formulation of a diagnosis, assessment of capabilities and stability, and calculation of impairment; Development of future medical treatment plan; and Completion of necessary documentation/certificates and report.",BR,medical
99456,"Work related or medical disability examination by other than the treating physician that includes: Completion of a medical history commensurate with the patient's condition; Performance of an examination commensurate with the patient's condition; Formulation of a diagnosis, assessment of capabilities and stability, and calculation of impairment; Development of future medical treatment plan; and Completion of necessary documentation/certificates and report.",BR,medical
99460,"Initial hospital or birthing center care, per day, for evaluation and management of normal newborn infant",14.37,medical
99461,"Initial care, per day, for evaluation and management of normal newborn infant seen in other than hospital or birthing center",7.61,medical
99462,"Subsequent hospital care, per day, for evaluation and management of normal newborn",6.76,medical
99463,"Initial hospital or birthing center care, per day, for evaluation and management of normal newborn infant admitted and discharged on the same date",15.22,medical
99464,Attendance at delivery (when requested by the delivering physician or other qualified health care professional) and initial stabilization of newborn,15.22,medical
99465,"Delivery/birthing room resuscitation, provision of positive pressure ventilation and/or chest compressions in the presence of acute inadequate ventilation and/or cardiac output",27.06,medical
99466,"Critical care face-to-face services, during an interfacility transport of critically ill or critically injured pediatric patient, 24 months of age or younger; first 30-74 minutes of hands-on care during transport",31.28,medical
99467,"Critical care face-to-face services, during an interfacility transport of critically ill or critically injured pediatric patient, 24 months of age or younger, each additional 30 minutes (List separately in addition to code for primary service)",18.60,medical
99468,"Initial inpatient neonatal critical care, per day, for the evaluation and management of a critically ill neonate, 28 days of age or younger",120.06,medical
99469,"Subsequent inpatient neonatal critical care, per day, for the evaluation and management of a critically ill neonate, 28 days of age or younger",80.32,medical
99471,"Initial inpatient pediatric critical care, per day, for the evaluation and management of a critically ill infant or young child, 29 days through 24 months of age",105.69,medical
99472,"Subsequent inpatient pediatric critical care, per day, for the evaluation and management of a critically ill infant or young child, 29 days through 24 months of age",76.10,medical
99475,"Initial inpatient pediatric critical care, per day, for the evaluation and management of a critically ill infant or young child, 2 through 5 years of age",89.62,medical
99476,"Subsequent inpatient pediatric critical care, per day, for the evaluation and management of a critically ill infant or young child, 2 through 5 years of age",67.64,medical
99477,"Initial hospital care, per day, for the evaluation and management of the neonate, 28 days of age or younger, who requires intensive observation, frequent interventions, and other intensive care services",84.55,medical
99478,"Subsequent intensive care, per day, for the evaluation and management of the recovering very low birth weight infant (present body weight less than 1500 grams)",33.82,medical
99479,"Subsequent intensive care, per day, for the evaluation and management of the recovering low birth weight infant (present body weight of 1500-2500 grams)",31.79,medical
99480,"Subsequent intensive care, per day, for the evaluation and management of the recovering infant (present body weight of 2501-5000 grams)",29.93,medical
99483,"Assessment of and care planning for a patient with cognitive impairment, requiring an independent historian, in the office or other outpatient, home or domiciliary or rest home, with all of the following required elements: Cognition-focused evaluation including a pertinent history and examination; Medical decision making of moderate or high complexity; Functional assessment (eg, basic and instrumental activities of daily living), including decision-making capacity; Use of standardized instruments for staging of dementia (eg, functional assessment staging test [FAST), clinical dementia rating (CDR]); Medication reconciliation and review for high-risk medications; Evaluation for neuropsychiatric and behavioral symptoms, including depression, including use of standardized screening instrument(s); Evaluation of safety (eg, home), including motor vehicle operation; Identification of caregiver(s), caregiver knowledge, caregiver needs, social supports, and the willingness of caregiver to take on caregiving tasks; Development, updating or revision, or review of an Advance Care Plan; Creation of a written care plan, including initial plans to address any neuropsychiatric symptoms, neuro-cognitive symptoms, functional limitations, and referral to community resources as needed (eg, rehabilitation services, adult day programs, support groups) shared with the patient and/or caregiver with initial education and support. Typically, 50 minutes are spent face-to-face with the patient and/or family or caregiver.",45.97,medical
99484,"Care management services for behavioral health conditions, at least 20 minutes of clinical staff time, directed by a physician or other qualified health care professional, per calendar month, with the following required elements: initial assessment or follow-up monitoring, including the use of applicable validated rating scales; behavioral health care planning in relation to behavioral/psychiatric health problems, including revision for patients who are not progressing or whose status changes; facilitating and coordinating treatment such as psychotherapy, pharmacotherapy, counseling and/or psychiatric consultation; and continuity of care with a designated member of the care team.",9.23,medical
99485,"Supervision by a control physician of interfacility transport care of the critically ill or critically injured pediatric patient, 24 months of age or younger, includes two-way communication with transport team before transport, at the referring facility and during the transport, including data interpretation and report; first 30 minutes",15.53,medical
99486,"Supervision by a control physician of interfacility transport care of the critically ill or critically injured pediatric patient, 24 months of age or younger, includes two-way communication with transport team before transport, at the referring facility and during the transport, including data interpretation and report; each additional 30 minutes (List separately in addition to code for primary procedure)",13.53,medical
99487,"Complex chronic care management services, with the following required elements: multiple (two or more) chronic conditions expected to last at least 12 months, or until the death of the patient, chronic conditions place the patient at significant risk of death, acute exacerbation/decompensation, or functional decline, establishment or substantial revision of a comprehensive care plan, moderate or high complexity medical decision making 60 minutes of clinical staff time directed by a physician or other qualified health care professional, per calendar month",17.99,medical
99489,"Complex chronic care management services, with the following required elements: multiple (two or more) chronic conditions expected to last at least 12 months, or until the death of the patient, chronic conditions place the patient at significant risk of death, acute exacerbation/decompensation, or functional decline, establishment or substantial revision of a comprehensive care plan, moderate or high complexity medical decision making; each additional 30 minutes of clinical staff time directed by a physician or other qualified health care professional, per calendar month (List separately in addition to code for primary procedure)",8.96,medical
99490,"Chronic care management services, at least 20 minutes of clinical staff time directed by a physician or other qualified health care professional, per calendar month, with the following required elements: multiple (two or more) chronic conditions expected to last at least 12 months, or until the death of the patient; chronic conditions place the patient at significant risk of death, acute exacerbation/decompensation, or functional decline; comprehensive care plan established, implemented, revised, or monitored.",8.14,medical
99492,"Initial psychiatric collaborative care management, first 70 minutes in the first calendar month of behavioral health care manager activities, in consultation with a psychiatric consultant, and directed by the treating physician or other qualified health care professional, with the following required elements: outreach to and engagement in treatment of a patient directed by the treating physician or other qualified health care professional; initial assessment of the patient, including administration of validated rating scales, with the development of an individualized treatment plan; review by the psychiatric consultant with modifications of the plan if recommended; entering patient in a registry and tracking patient follow-up and progress using the registry, with appropriate documentation, and participation in weekly caseload consultation with the psychiatric consultant; and provision of brief interventions using evidence-based techniques such as behavioral activation, motivational interviewing, and other focused treatment strategies.",30.65,medical
99493,"Subsequent psychiatric collaborative care management, first 60 minutes in a subsequent month of behavioral health care manager activities, in consultation with a psychiatric consultant, and directed by the treating physician or other qualified health care professional, with the following required elements: tracking patient follow-up and progress using the registry, with appropriate documentation; participation in weekly caseload consultation with the psychiatric consultant; ongoing collaboration with and coordination of the patient's mental health care with the treating physician or other qualified health care professional and any other treating mental health providers; additional review of progress and recommendations for changes in treatment, as indicated, including medications, based on recommendations provided by the psychiatric consultant; provision of brief interventions using evidence-based techniques such as behavioral activation, motivational interviewing, and other focused treatment strategies; monitoring of patient outcomes using validated rating scales; and relapse prevention planning with patients as they achieve remission of symptoms and/or other treatment goals and are prepared for discharge from active treatment.",24.49,medical
99494,"Initial or subsequent psychiatric collaborative care management, each additional 30 minutes in a calendar month of behavioral health care manager activities, in consultation with a psychiatric consultant, and directed by the treating physician or other qualified health care professional (List separately in addition to code for primary procedure)",12.66,medical
99495,"Transitional Care Management Services with the following required elements: Communication (direct contact, telephone, electronic) with the patient and/or caregiver within 2 business days of discharge Medical decision making of at least moderate complexity during the service period Face-to-face visit, within 14 calendar days of discharge",31.74,medical
99496,"Transitional Care Management Services with the following required elements: Communication (direct contact, telephone, electronic) with the patient and/or caregiver within 2 business days of discharge Medical decision making of high complexity during the service period Face-to-face visit, within 7 calendar days of discharge",44.94,medical
99497,"Advance care planning including the explanation and discussion of advance directives such as standard forms (with completion of such forms, when performed), by the physician or other qualified health care professional; first 30 minutes, face-to-face with the patient, family member(s), and/or surrogate",16.35,medical
+ 99498,"Advance care planning including the explanation and discussion of advance directives such as standard forms (with completion of such forms, when performed), by the physician or other qualified health care professional; each additional 30 minutes (List separately in addition to code for primary procedure)",14.43,medical
99499,Unlisted evaluation and management service,BR,medical
